id,title,text,cleaned_text,author,subreddit,score,upvote_ratio,num_comments,created_utc,url,is_self,word_count,char_count,cluster_id,type,post_id
1nibj76,"something in my head keeps telling me that I am Napoleon Bonaparte , I'm literally a 19 y.o female",,"something head keeps telling napoleon bonaparte , literally 19 y.o female okay feeling like since last week making feel embarrassed . stop stop reading watching youtube videos , personal life , wars everything yesterday class , minding business , suddenly inner voice goes full napoleon . literally said loud , enemies many , equals none , shades olive trees said italy could never conquered . people looked like announced new dean . wanted cry disappear form thank god kind thought trying make laugh . roomate well family , cats idea came normal college girl , historical cosplay , yet apparently brain auditioned period drama . sleep deprivation thing ? start practicing bicorne hat salute call campus health ? going psychosis ? 19f ,",Flora_musa,AskDocs,1156,0.94,72.0,2025-09-16 04:09:29,https://www.reddit.com/r/AskDocs/comments/1nibj76/something_in_my_head_keeps_telling_me_that_i_am/,0,123,736,-1,post,
1ni1kx9,Mother in Law denied cancer treatment medication right after her oncology appointment,,"mother law denied cancer treatment medication right oncology appointment title notes , mother law first oncology doctor appointment went results today . appears need 6 rounds chemotherapy , appointment wife gave highlights soon drove lot , got call cvs noting medications denied sure needs point trying proactive get advice multiple sources one thing keep seeing online ask doctor peer peer review . gotten written denials phone operators rude tried call inquire going . next steps next steps take southern california mil medicare retired health insurance alignment , help advice welcomed , thank . : got pharmacy yes , shared , noted prior authorization needed lidocaine medication , prescribed 5 medicines , approved 4 lidocaine denied sending email oncologist see remedy ; also clarity , know medicare sure special plan appreciate everyone took time share insight , expecting support also expecting insurance headache process . never took account insurance would issue , makes sad mad powerful nation us makes self , insurance make healing health process much detrimental . , thank 3",regular-psychologist,healthinsurance,83,0.94,34.0,2025-09-15 19:25:48,https://www.reddit.com/r/HealthInsurance/comments/1ni1kx9/mother_in_law_denied_cancer_treatment_medication/,0,171,1086,0,post,
1nhr6bl,My wife won’t have chemotherapy because of a vomit phobia,,"wife chemotherapy vomit phobia please help . lovely wife , 45 , female , says refuses chemotherapy scared sick vomiting . suffered phobia life . tried much counselling years , exposure therapy , still scared first met . know . used say , believe would actually case . ?",[deleted],AskDocs,656,0.98,148.0,2025-09-15 12:49:32,https://www.reddit.com/r/AskDocs/comments/1nhr6bl/my_wife_wont_have_chemotherapy_because_of_a_vomit/,0,49,269,0,post,
1nhjdlo,Preventative exam turned into office visit,,"preventative exam turned office visit went see physician annual physical . informed nurse preventative exam . soon saw doctor , informed wanted preventative exam . ask questions discuss problems concerns exam . doctor asked questions health . advised get thyroid biopsy since one last year benign . declined stating fine . got surprise bill additional 189.79 office visit . doctor never informed exam advising get thyroid biopsy would result additional fees . rights ?",Intelligent-Mud7047,healthinsurance,204,0.92,204.0,2025-09-15 07:35:50,https://www.reddit.com/r/HealthInsurance/comments/1nhjdlo/preventative_exam_turned_into_office_visit/,0,74,468,0,post,
1ng2yek,Can someone explain malignant hyperthermia to me?,,someone explain malignant hyperthermia ? : told nothing . make . family . n mom long remember . hi 17 mom 34f went play tennis morning . healthy 5 5 135lbs medications . jumped fell leg weird take emergency room . said leg broken needed surgery would fine could probably go home tonight . surgery 2 hours someone came told got malignant hyperthermia need call someone else go home social worker find somewhere go . said also need test . confused one tell anything . drive home wrong mom ? see ? add cancer anything malignant broke leg .,my_first_reddit_,AskDocs,766,1.0,42.0,2025-09-13 13:11:21,https://www.reddit.com/r/AskDocs/comments/1ng2yek/can_someone_explain_malignant_hyperthermia_to_me/,0,99,536,-1,post,
1nfy03t,I think it’s my fault my husband died,,"think fault husband died last days absolute hell stop wondering went wrong . still waiting autopsy results . wednesday husband 35 6 6 200lbs told feeling know describe , seemed irritable exhausted talking morning . hour office 9 texted vomited going come home rest day try get sleep . left work get kids school 3:00 got home poked head room still sleeping . told home , asked needed anything , grunted assumed decided get kids house could rest . 6 kids age 14 7 3 previous marriage 3 mine get really loud rambunctious sometimes . went trampoline park place took kids get pizza dinner . got home 7 went check husband noticed breathing really weird . get wake called 911. phone dispatch stopped breathing . find pulse walked cpr know wrong . ems arrived took tried shocking feeling sake , thought would work waiting autopsy , keep wondering fault . taken kids instead asked go urgent care could stopped . bad cpr would made difference ? dinner home instead stopping pizza could noticed weird breathing earlier called 911 time ?",[deleted],AskDocs,1746,0.98,210.0,2025-09-13 09:50:25,https://www.reddit.com/r/AskDocs/comments/1nfy03t/i_think_its_my_fault_my_husband_died/,0,180,1025,0,post,
1nemf9v,My boyfriends “medical anomaly” is terrifying me,,"boyfriends medical anomaly terrifying allow start , april 2025 kidney pancreas transplant . everything looking good minus hiccups , said , virtually zero immune system . little week ago , started sleeping , point sleeping 20 hours day . mom finally talked going doctor , 104 degree fever . doctor recommended going er immediately , . fever high , automatically assumed infection , started pumping iv full antibiotics . catch , find infection . chest x ray looks great . abdominal ct looks good . blood work looks good . spinal tap seems normal thus far waiting cultures . cultures normal infections negative . stool sample clean . flash forward 2 days ago . fever seems breaking . eating . still sleeping almost 20 hours day . new symptom arising seem get words , short term memory loss , trouble focusing . suppose mri brain later today , still waiting dto hear results . multiple doctors working case absolutely stumped . terrified gon na lose . thoughts could ?",WesternMatter4214,AskDocs,537,0.98,39.0,2025-09-11 18:22:08,https://www.reddit.com/r/AskDocs/comments/1nemf9v/my_boyfriends_medical_anomaly_is_terrifying_me/,0,169,964,0,post,
1nd36gc,"I’m 33 weeks pregnant with twins and something feels wrong, I feel vague dread",,"33 weeks pregnant twins something feels wrong , feel vague dread 19f 5 6 130lbs , 33 weeks pregnant twins , working recovering anorexia hi doctors . group really helpful beginning pregnancy , thought would come question . morning started feel nauseous , bad headache . drinking water trying rest eating goldfish crackers , really helping . thrown times , tried ginger tea work started trying sip gatorade . really concerning babies moving differently . know moving concerning movements feel faster ? little frantic ? tell imagining feels like movements almost panicked feeling doom . know hormones .is worth going ? night feeling nervous fall asleep . want seen anxious first time mom , something feels . feel stupid calling saying think moving much . raise red flags ? today feeling overall fine considering 33 weeks twins .",No-Focus-5369,AskDocs,1070,0.97,215.0,2025-09-09 23:04:19,https://www.reddit.com/r/AskDocs/comments/1nd36gc/im_33_weeks_pregnant_with_twins_and_something/,0,138,825,0,post,
1n9emxq,People can’t get COVID vaccines as cases surge. Anger is building against Trump,,people get covid vaccines cases surge . anger building trump,EdOfTheMountain,Health,1299,0.97,116.0,2025-09-05 15:30:37,https://www.latimes.com/california/story/2025-09-05/covid-vaccines-are-harder-to-get-under-trump-and-people-are-angry-about-it,0,10,60,0,post,
1n94fh0,Out of Network…,,"network explain stupid usa health insurance system . received labs may 1st . got bill 6,000. okay mistakes happen contact provider . contacts lab used wrong doctor listed . fix still get bill 6,000 call health insurance said oh wrong appeal . okay great . wait 30 days . denied claim saying network . go health insurance app . lab used network . call health insurance said oh yes lab saw network labs sent outside lab network ! supposed know ! ? trying tell owe 6,000 economy . fight state attorney general us department health . ridiculous . anyone else ever happen ?",notthechilikevin,healthinsurance,172,0.96,56.0,2025-09-05 08:51:20,https://www.reddit.com/r/HealthInsurance/comments/1n94fh0/out_of_network/,0,103,568,0,post,
1n8z5a9,How are health insurers going to handle more hospital claims of vaccine preventable illnesses in Florida?,,health insurers going handle hospital claims vaccine preventable illnesses florida ? florida opening flood gates pathogens infect large numbers children vulnerable population ? think growing number hospitalized children complications vaccine preventable illnesses covered insursnce ? parents going pay ? going train new heslthcare professionals going need fairly short amount time ?,Gloomy_Duck_7799,healthinsurance,106,0.83,67.0,2025-09-05 03:54:14,https://www.reddit.com/r/HealthInsurance/comments/1n8z5a9/how_are_health_insurers_going_to_handle_more/,0,51,382,0,post,
1n880dl,RFK Jr. and Trump silenced a groundbreaking report on cancer and alcohol,,rfk jr. trump silenced groundbreaking report cancer alcohol,DonManuel,Health,1500,0.98,61.0,2025-09-04 07:52:09,https://www.vox.com/health/460086/rfk-jr-trump-maha-cancer-alcohol-study-health?utm_source=reddit&utm_medium=gift-link&utm_campaign=dhfacebook&utm_content=null&view_token=eyJhbGciOiJIUzI1NiJ9.eyJpZCI6Ikk4anpRdlA2cnEiLCJwIjoiL2hlYWx0aC80NjAwODYvcmZrLWpyLXRydW1wLW1haGEtY2FuY2VyLWFsY29ob2wtc3R1ZHktaGVhbHRoIiwiZXhwIjoxNzU4MTkyMjk3LCJpYXQiOjE3NTY5ODI2OTd9.UTVzeEkwCqxYAgT3_ivnSXi094YjrVxZmcspjwr0EAI,0,8,59,0,post,
1n7oy3z,Florida Moves To Bring Back Childhood Polio,,florida moves bring back childhood polio,huffpost,Health,753,0.97,33.0,2025-09-03 15:48:30,https://www.huffpost.com/entry/florida-schools-vaccine-mandates_n_68b8789be4b042094ad00a4e?utm_medium=Social&utm_source=reddit&utm_campaign=us_main,0,6,40,0,post,
1n7hj6j,"More than 1,000 current, former HHS employees sign letter demanding RFK Jr. resign",,"1,000 current , former hhs employees sign letter demanding rfk jr. resign",yahoonews,Health,1046,0.98,18.0,2025-09-03 11:14:46,https://www.yahoo.com/news/articles/more-1-000-current-former-144606472.html,0,12,73,-1,post,
1n5wfvz,Former CDC Officials Say Americans Should Be Alarmed By What RFK Jr. Has Done To Health System,,former cdc officials say americans alarmed rfk jr. done health system,huffpost,Health,1020,0.98,36.0,2025-09-01 14:21:35,https://www.huffpost.com/entry/ex-cdc-leaders-rip-rfk-jr_n_68b5a89ae4b0bdebd5aa86be?utm_medium=Social&utm_source=reddit&utm_campaign=us_main,0,11,69,0,post,
1n56ruy,I am four months (17 weeks) pregnant and I don’t know how I am going to survive any more of this. Someone please help me. I feel like my concerns have been dismissed.,,"four months 17 weeks pregnant know going survive . someone please help . feel like concerns dismissed . 27 , 170 cm tall , last time weighed appt 50 kg , 54 prepregnancy . first pregnancy , medical concerns prior pregnancy , take prenatal vitamin pregnacare zofran currently . obviously longer smoke drink socially prior pregnancy . planned much wanted pregnancy , wits end . every day wake wishing spend entire day wanting die . eat anything . smell food . started perhaps 6 weeks gotten better , fact , seems like getting substantially worse . longer climb stairs home . thing able stomach ginger turmeric hip pop even occasionally gets rejected . hospital midwives regular clinic midwives local hospital london seem concerned said repeatedly normal part pregnancy slow , . given iv drip , give script zofran mainly vomit . baby always looked fine growing normal , dying , want dying . wrong . someone please help ? desperate husband .",Pristine_Film_6190,AskDocs,547,0.97,121.0,2025-08-31 17:33:53,https://www.reddit.com/r/AskDocs/comments/1n56ruy/i_am_four_months_17_weeks_pregnant_and_i_dont/,0,162,937,0,post,
1n4hnxb,Gave birth two weeks ago,,"gave birth two weeks ago still waiting bills come assuming . ob prenatal bills added finally well . sure baby insurance work added already started process need ssn . hospital 5 nights 6 days , baby nicu 3 days . induced ; labored ended c section failed vacuum . baby great fortunately , insurance covers ob related care 100 meeting deductible . downside hit deductible twice year got pregnant last december ; insurance runs july june . still grateful though know could much worse . hoping baby care come surprise !",Cheap_Woodpecker4990,healthinsurance,216,0.93,146.0,2025-08-30 21:03:11,https://i.redd.it/5dmvy6i689mf1.jpeg,0,91,514,0,post,
1n4d2gp,Why insurance so expensive man…,,"insurance expensive man insane wife , two toddlers self employee insurance costs 1000 month . get insurance goes completely shit max pocket . pay 30 visit reach minimum ever thanks god reach . wild . looking make year qualify sort health market place kind . ; normal ? swear biggest scam go er billing insane . toddler busted lip needed stitches went urgent care tell without anything done go er . billed insurance 700 responsible 200 er visit expect usually higher . bill like 10k responsible 1,700 sear united state healthcare biggest scam world . became ok pay prices even good insurcane cigna florida supposedly one best companies . suggestion new norm .",Several_Stable_3991,healthinsurance,171,0.9,260.0,2025-08-30 17:26:50,https://www.reddit.com/r/HealthInsurance/comments/1n4d2gp/why_insurance_so_expensive_man/,0,113,658,0,post,
1n48we9,Confirmation of brain death diagnosis,,"confirmation brain death diagnosis 1.5 year old nephew diagnosed brain dead . accident pool time cpr administered , heart stopping twice , brought back stable , brain without oxygen 30 minutes . since first day happened , ct first day , mri blood gas test 4th day last blood gas test 5th day . tests , declared brain dead . coming ask anyone seen anyone come type situation appropriate testing done ? set donate organs monday 09 01 2025 however , id also like know given enough time see come ?",Otherwise-Bluebird89,AskDocs,914,0.97,64.0,2025-08-30 14:30:21,https://www.reddit.com/r/AskDocs/comments/1n48we9/confirmation_of_brain_death_diagnosis/,0,91,493,0,post,
1n43iyg,The new head of the CDC has no training in medicine and once helped Peter Thiel develop man-made islands floating outside U.S. territory,,new head cdc training medicine helped peter thiel develop man made islands floating outside u.s. territory,PDubsinTF-NEW,Health,845,0.98,37.0,2025-08-30 10:49:48,https://fortune.com/2025/08/29/who-is-jim-oneill-acting-head-cdc-peter-thiel-robert-kennedy/,0,16,106,-1,post,
1n3lexf,"RFK Jr.’s damage to the CDC is ‘past the point of no return,’ Dr. Demetre Daskalakis warns",,"rfk jr. damage cdc past point return , dr. demetre daskalakis warns",duderos,Health,706,0.98,15.0,2025-08-29 18:36:53,https://www.advocate.com/politics/demetre-daskalakis-cdc-resignation-interview,0,12,67,0,post,
1n211hb,Anesthesiologist is billing $3700 even though insurance is telling them to stop.,,"anesthesiologist billing 3700 even though insurance telling stop . husband went emergency room due food blocking esophagus . gastroenterologist , push . anesthesiologist billed insurance refused based filed late . procedure 3 8 billed 7 1. billed 3700 , noticed issue . said insurance paid 0 pay 9 15 would go collections . called insurance united healthcare medicare said would call next day refile . watched online saw filed 8 1 thought ok. well , insurance denied . says denied due filing late bill member . last time . expects get bill mail day . feel like going circles . get ride get bill ?",JulesSherlock,healthinsurance,167,0.94,90.0,2025-08-27 22:55:26,https://www.reddit.com/r/HealthInsurance/comments/1n211hb/anesthesiologist_is_billing_3700_even_though/,0,105,596,0,post,
1n0m92c,America’s leading physician groups are now openly defying RFK Jr.,,america leading physician groups openly defying rfk jr .,vox,Health,1438,0.98,50.0,2025-08-26 09:44:14,https://www.vox.com/health/459226/rfk-jr-trump-covid-vaccine-ban,0,9,56,0,post,
1mz93n1,What could have caused what I witnessed this morning?,,"could caused witnessed morning ? hopefully allowed even though personal medical question . friday morning around 6:30 driving work rush hour notice car front thats front driving fine half mile seem notice light turned green . beep , nothing . folks honking driver lets gas 2 seconds brakes . something right try see driver back windshield noticed driver slumped forward moving . put hazards walk beside car see young man unconscious slumped forward sleeping . knock window , , twice , another man comes tries yelling , nurse ran couple minutes later hear sirens . young man brake applied could wake . someone used window breaking tool break window put car park , moment jolted awake looks around like someone asked anything drink , panicking , eyes wide open , quickly shakes head like light goes unconscious . like going sleep like immediately going limp lifeless instant . ambulance gets rushed hospital , car towed whole rest day trying figure could caused episode . way , awake , alert , sober , frantic . instant , non responsive ?",Asleep_Ingenuity9894,AskDocs,665,0.99,110.0,2025-08-24 18:10:47,https://www.reddit.com/r/AskDocs/comments/1mz93n1/what_could_have_caused_what_i_witnessed_this/,0,179,1036,0,post,
1mxdy12,Health insurance is going up 45%,,"health insurance going 45 work small company offers health insurance industry company size rarely . cover half allows relatively affordable . year going 45 improvement coverage afford help cover additional cost . trying help find options us presented alternatives , seems like risk insurers likely . insurance rates go never drastically , seems like illegal . freaking scam . really asking advice bc idk anyone could , sure common practice . thanks listening .",asheswifey,healthinsurance,162,0.96,7.0,2025-08-22 14:11:52,https://www.reddit.com/r/HealthInsurance/comments/1mxdy12/health_insurance_is_going_up_45/,0,74,460,0,post,
1mxa19d,"New mRNA Cancer Vaccine Delivers Stunning Results, Sparks Universal Treatment Hopes",,"new mrna cancer vaccine delivers stunning results , sparks universal treatment hopes",Silly-avocatoe,Health,1279,0.99,54.0,2025-08-22 11:44:35,https://scitechdaily.com/new-mrna-cancer-vaccine-delivers-stunning-results-sparks-universal-treatment-hopes/,0,12,84,-1,post,
1mx4yme,There is a new movement on TikTok from many doctors claiming that insurers are “infringing on their practice of medicine” Have denials on medical nessecity gone up recently for you?,,new movement tiktok many doctors claiming insurers infringing practice medicine denials medical nessecity gone recently ? normally share lot doctors tiktok :,YogurtclosetOpen3567,healthinsurance,560,0.98,237.0,2025-08-22 08:20:02,https://www.reddit.com/r/HealthInsurance/comments/1mx4yme/there_is_a_new_movement_on_tiktok_from_many/,0,22,157,-1,post,
1mwpa3y,I have been on my period every day for the last 8 years,,"period every day last 8 years one cursed evil day 12 , got period time supposed , never ended 20 y.o . every doctor gone person mentioned said never seen genuinely feeling hopeless . flow insanely heavy ever since first period 9 y.o . slowed . constantly changing pad tampon leak every hour . pass clots almost every day often experience menstrual cramping . gotten ultrasounds done always show unusually thick uterine lining , makes sense constantly shedding . lining blood regenerate frequently multiple surgeries pump backed blood stomach remove excess lining . also cysts removed 15 diagnosed pcos around age . tried every form birth control none worked currently nothing . feel utterly hopeless exhausted every day thinking never end sick . ruined many pairs underwear pants ridiculous . anyone ideas happening ?",Dizzy-Knowledge-7113,AskDocs,594,0.96,96.0,2025-08-21 18:27:26,https://www.reddit.com/r/AskDocs/comments/1mwpa3y/i_have_been_on_my_period_every_day_for_the_last_8/,0,134,817,-1,post,
1mw6ugv,There’s Something Very Dark Happening to Millennials and Gen Z Adults,,something dark happening millennials gen z adults,Maxcactus,Health,650,0.95,125.0,2025-08-21 06:10:01,https://slate.com/technology/2025/08/millennials-gen-z-death-rates-america-high.html,0,7,49,-1,post,
1mvkoso,My employer dropped me from health insurance,,"employer dropped health insurance year half ago became eligible health insurance new job one reasons accepted position benefits . month coverage asked come meeting . insurance broker along director operations . broker explained continued coverage coworker premiums would go high one could afford . said could longer cover would send someone help sign coverage marketplace someone . questioned legal told policy written , yes , legal drop . also add breast cancer survivor . still get preventative treatment monthly local cancer center . first claim submitted center went . legal ?",InternationalStar318,healthinsurance,205,0.96,87.0,2025-08-20 13:05:25,https://www.reddit.com/r/HealthInsurance/comments/1mvkoso/my_employer_dropped_me_from_health_insurance/,0,91,580,0,post,
